{
  "project_info": {
    "project_number": "443262130961",
    "project_id": "labfive-5f1b6",
    "storage_bucket": "labfive-5f1b6.appspot.com"
  },
  "client": [
    {
      "client_info": {
        "mobilesdk_app_id": "1:443262130961:android:acf53070e26bbc6e2a0ab0",
        "android_client_info": {
          "package_name": "com.example.labfive"
        }
      },
      "oauth_client": [],
      "api_key": [
        {
          "current_key": "AIzaSyCWkjTJQ_MLbtCcMnmArTomPXYX45h5F9Y"
        }
      ],
      "services": {
        "appinvite_service": {
          "other_platform_oauth_client": []
        }
      }
    }
  ],
  "configuration_version": "1"
}